{
  "headers": [
    {
      "source": "/(.*)",
      "headers": [
        {
          "key": "Strict-Transport-Security",
          "value": "max-age=63072000; includeSubDomains; preload"
        },
        {
          "key": "Content-Security-Policy",
          "value": "default-src 'self'; script-src 'self'; style-src 'self'; img-src 'self' data:; font-src 'self' data:; connect-src 'self'; frame-ancestors 'none'; form-action 'self' mailto:; base-uri 'self'"
        },
        {
          "key": "X-Frame-Options",
          "value": "DENY"
        },
        {
          "key": "X-Content-Type-Options",
          "value": "nosniff"
        },
        {
          "key": "Referrer-Policy",
          "value": "strict-origin-when-cross-origin"
        },
        {
          "key": "Permissions-Policy",
          "value": "camera=(), microphone=(), geolocation=()"
        },
        {
          "key": "Cache-Control",
          "value": "public, max-age=3600"
        }
      ]
    }
  ]
}